{"cameraMode":{"drawMode":0,"name":"Shaded","section":"Shading Mode"},"sceneLighting":true,"audioPlay":false,"sceneViewState":{"showFog":true,"showMaterialUpdate":false,"showSkybox":true,"showFlares":true,"showImageEffects":true,"showParticleSystems":true},"in2DMode":false,"pivot":{"x":-33.395172119140628,"y":35.279571533203128,"z":-2.3609650135040285},"rotation":{"x":0.12193094938993454,"y":0.8739408850669861,"z":-0.28419217467308047,"w":0.37496498227119448},"size":7.1886444091796879,"orthographic":false}