{"cameraMode":{"drawMode":0,"name":"Shaded","section":"Shading Mode"},"sceneLighting":true,"audioPlay":false,"sceneViewState":{"showFog":true,"showMaterialUpdate":false,"showSkybox":true,"showFlares":true,"showImageEffects":true,"showParticleSystems":true},"in2DMode":false,"pivot":{"x":2.424100399017334,"y":5.995436668395996,"z":12.309488296508789},"rotation":{"x":-0.0555180087685585,"y":0.8875715732574463,"z":-0.11107710748910904,"w":-0.44362178444862368},"size":0.22091656923294068,"orthographic":false}